50,entertainment,blew some dough bruh,1568432260.728451
50,paycheck,n/a,1568432812.9955552
-50,shopping,n/a,1568433478.312923
